Workbook

Sheet Raw Data
A1: EmpID | B1: First Name | C1: Last Name | D1: Dept Code | E1: Hire Date (text) | F1: Street | G1: City | H1: State | I1: Zip | J1: Phone
A2: 1001 | B2: john | C2: SMITH | D2: SAL | E2: 2019-03-15 | F2: 12 Elm Street | G2: Chennai | H2: TN | I2: 600001 | J2: 9876543210
A3: 1002 | B3: MARY | C3: jones | D3: mkt | E3: 2020-03-15 | F3: 45 Oak Avenue | G3: Bengaluru | H3: KA | I3: 560001 | J3: (987) 654-3211
A4: 1003 | B4: raj | C4: Kumar | D4: HR | E4: 2018-07-22 | F4: 78 Pine Road | G4: Chennai | H4: TN | I4: 600002 | J4: 987-654-3212
A5: 1004 | B5: Priya | C5: SHARMA | D5: it | E5: 2021-05-04 | F5: 23 Cedar Lane | G5: Hyderabad | H5: TS | I5: 500001 | J5: 9876543213
A6: 1005 | B6: AMIT | C6: patel | D6: FIN | E6: 2017-11-30 | F6: 56 Maple Drive | G6: Chennai | H6: TN | I6: 600003 | J6: 98765 43214
A7: 1006 | B7: sneha | C7: Reddy | D7: SAL | E7: 2022-01-10 | F7: 89 Birch Blvd | G7: Bengaluru | H7: KA | I7: 560002 | J7: 9876543215
A8: 1007 | B8: Vikram | C8: Singh | D8: mkt | E8: 2016-06-18 | F8: 34 Spruce Ct | G8: Chennai | H8: TN | I8: 600004 | J8: (987)654-3216
A9: 1008 | B9: Anita | C9: Rao | D9: HR | E9: 2020-09-25 | F9: 67 Willow Way | G9: Hyderabad | H9: TS | I9: 500002 | J9: 9876543217
A10: 1009 | B10: KIRAN | C10: Nair | D10: IT | E10: 2019-12-05 | F10: 90 Aspen St | G10: Chennai | H10: TN | I10: 600005 | J10: 987-654-3218
A11: 1010 | B11: deepa | C11: Iyer | D11: fin | E11: 2021-08-14 | F11: 12 Poplar Ave | G11: Bengaluru | H11: KA | I11: 560003 | J11: 9876543219
A12: 1011 | B12: Rahul | C12: Mehta | D12: SAL | E12: 2015-04-02 | F12: 45 Fir Road | G12: Chennai | H12: TN | I12: 600006 | J12: 9876543220
A13: 1012 | B13: POOJA | C13: Verma | D13: MKT | E13: 2023-02-20 | F13: 78 Cypress Ln | G13: Hyderabad | H13: TS | I13: 500003 | J13: (987) 654-3221
... A16: 1015 | B16: Sanjay | C16: Yadav | D16: FIN | E16: 2019-07-08 | F16: 89 Magnolia Ave | G16: Chennai | H16: TN | I16: 600008 | J16: 9876543224
B18: Yellow = messy input on purpose. Don't edit this sheet — build formulas in new sheets/columns.

Sheet Departments
A1: Dept Code | B1: Department Name | C1: Manager
A2: SAL | B2: Sales | C2: Karthik Subramaniam
A3: MKT | B3: Marketing | C3: Neha Kapoor
A4: HR | B4: Human Resources | C4: Ramesh Iyer
A5: IT | B5: Information Technology | C5: Suresh Babu
A6: FIN | B6: Finance | C6: Lakshmi Narayanan

Sheet Tenure Bands
A1: Min Years | B1: Band
A2: 0 | B2: Junior (0-2 yrs)
A3: 2 | B3: Mid-Level (2-5 yrs)
A4: 5 | B4: Senior (5-10 yrs)
A5: 10 | B5: Lead (10+ yrs)

Sheet Clean Table
A1: Employee ID | B1: First Name | C1: Last Name | D1: Full Name (TEXTJOIN) | E1: Initials (LEFT) | F1: Dept Code (UPPER) | G1: Department (VLOOKUP) | H1: Manager (INDEX-MATCH) | I1: Hire Date (DATEVALUE) | J1: Hire Year | K1: Month Name (TEXT) | L1: Tenure (DATEDIF) | M1: Next Anniversary (EDATE) | N1: Working Days Since Hire (NETWORKDAYS) | O1: Full Address (TEXTJOIN) | P1: Phone Digits (SUBSTITUTE) | Q1: Phone Formatted (MID/RIGHT) | R1: Email (LOWER) | S1: Tenure Band (VLOOKUP approx.)
A2: =TEXT('Raw Data'!A2,"0000") -> 1001 | B2: =PROPER(TRIM(CLEAN('Raw Data'!B2))) -> John | C2: =PROPER(TRIM(CLEAN('Raw Data'!C2))) -> Smith | D2: =_xlfn.TEXTJOIN(" ",TRUE,B2,C2) -> John Smith | E2: =LEFT(B2,1)&LEFT(C2,1) -> JS | F2: =UPPER(TRIM('Raw Data'!D2)) -> SAL | G2: =VLOOKUP(F2,Departments!$A$2:$C$6,2,FALSE) -> Sales | H2: =INDEX(Departments!$A$2:$C$6,MATCH(F2,Departments!$A$2:$A$6,0),MATCH("Manager",Departments!$A$1:$C$1,0)) -> Karthik Subramaniam | I2: =DATEVALUE('Raw Data'!E2) -> 43539 | J2: =YEAR(I2) -> 2019 | K2: =TEXT(I2,"MMMM") -> March | L2: =DATEDIF(I2,TODAY(),"y")&"yrs"&DATEDIF(I2,TODAY(),"YM")&"Months" -> 7yrs3Months | N2: =NETWORKDAYS(I2,TODAY()) -> 1913 | O2: =_xlfn.TEXTJOIN(",",TRUE,'Raw Data'!F2,'Raw Data'!G2,'Raw Data'!H2,'Raw Data'!I2) -> 12 Elm Street,Chennai,TN,600001 | P2: =SUBSTITUTE(SUBSTITUTE(SUBSTITUTE(SUBSTITUTE('Raw Data'!J2,"(",""),")",""),"-",""), " ", "") -> 9876543210 | Q2: ="("&LEFT(P2,3)&") "&MID(P2,4,3)&"-"&RIGHT(P2,4) -> (987) 654-3210 | R2: =LOWER(B2&"."&C2&"@company.com") -> john.smith@company.com | S2: =VLOOKUP(DATEDIF('Clean Table'!I2,TODAY(),"y"),'Tenure Bands'!$A$2:$B$5,2,TRUE) -> Senior (5-10 yrs)
A3: =TEXT('Raw Data'!A3,"0000") -> 1002 | B3: =PROPER(TRIM(CLEAN('Raw Data'!B3))) -> Mary | C3: =PROPER(TRIM(CLEAN('Raw Data'!C3))) -> Jones | D3: =_xlfn.TEXTJOIN(" ",TRUE,B3,C3) -> Mary Jones | E3: =LEFT(B3,1)&LEFT(C3,1) -> MJ | F3: =UPPER(TRIM('Raw Data'!D3)) -> MKT | G3: =VLOOKUP(F3,Departments!$A$2:$C$6,2,FALSE) -> Marketing | H3: =INDEX(Departments!$A$2:$C$6,MATCH(F3,Departments!$A$2:$A$6,0),MATCH("Manager",Departments!$A$1:$C$1,0)) -> Neha Kapoor | I3: =DATEVALUE('Raw Data'!E3) -> 43905 | J3: =YEAR(I3) -> 2020 | K3: =TEXT(I3,"MMMM") -> March | L3: =DATEDIF(I3,TODAY(),"y")&"yrs"&DATEDIF(I3,TODAY(),"YM")&"Months" -> 6yrs3Months | N3: =NETWORKDAYS(I3,TODAY()) -> 1652 | O3: =_xlfn.TEXTJOIN(",",TRUE,'Raw Data'!F3,'Raw Data'!G3,'Raw Data'!H3,'Raw Data'!I3) -> 45 Oak Avenue,Bengaluru,KA,560001 | P3: =SUBSTITUTE(SUBSTITUTE(SUBSTITUTE(SUBSTITUTE('Raw Data'!J3,"(",""),")",""),"-",""), " ", "") -> 9876543211 | Q3: ="("&LEFT(P3,3)&") "&MID(P3,4,3)&"-"&RIGHT(P3,4) -> (987) 654-3211 | R3: =LOWER(B3&"."&C3&"@company.com") -> mary.jones@company.com | S3: =VLOOKUP(DATEDIF('Clean Table'!I3,TODAY(),"y"),'Tenure Bands'!$A$2:$B$5,2,TRUE) -> Senior (5-10 yrs)
A4: =TEXT('Raw Data'!A4,"0000") -> 1003 | B4: =PROPER(TRIM(CLEAN('Raw Data'!B4))) -> Raj | C4: =PROPER(TRIM(CLEAN('Raw Data'!C4))) -> Kumar | D4: =_xlfn.TEXTJOIN(" ",TRUE,B4,C4) -> Raj Kumar | E4: =LEFT(B4,1)&LEFT(C4,1) -> RK | F4: =UPPER(TRIM('Raw Data'!D4)) -> HR | G4: =VLOOKUP(F4,Departments!$A$2:$C$6,2,FALSE) -> Human Resources | H4: =INDEX(Departments!$A$2:$C$6,MATCH(F4,Departments!$A$2:$A$6,0),MATCH("Manager",Departments!$A$1:$C$1,0)) -> Ramesh Iyer | I4: =DATEVALUE('Raw Data'!E4) -> 43303 | J4: =YEAR(I4) -> 2018 | K4: =TEXT(I4,"MMMM") -> July | L4: =DATEDIF(I4,TODAY(),"y")&"yrs"&DATEDIF(I4,TODAY(),"YM")&"Months" -> 7yrs11Months | N4: =NETWORKDAYS(I4,TODAY()) -> 2082 | O4: =_xlfn.TEXTJOIN(",",TRUE,'Raw Data'!F4,'Raw Data'!G4,'Raw Data'!H4,'Raw Data'!I4) -> 78 Pine Road,Chennai,TN,600002 | P4: =SUBSTITUTE(SUBSTITUTE(SUBSTITUTE(SUBSTITUTE('Raw Data'!J4,"(",""),")",""),"-",""), " ", "") -> 9876543212 | Q4: ="("&LEFT(P4,3)&") "&MID(P4,4,3)&"-"&RIGHT(P4,4) -> (987) 654-3212 | R4: =LOWER(B4&"."&C4&"@company.com") -> raj.kumar@company.com | S4: =VLOOKUP(DATEDIF('Clean Table'!I4,TODAY(),"y"),'Tenure Bands'!$A$2:$B$5,2,TRUE) -> Senior (5-10 yrs)
A5: =TEXT('Raw Data'!A5,"0000") -> 1004 | B5: =PROPER(TRIM(CLEAN('Raw Data'!B5))) -> Priya | C5: =PROPER(TRIM(CLEAN('Raw Data'!C5))) -> Sharma | D5: =_xlfn.TEXTJOIN(" ",TRUE,B5,C5) -> Priya Sharma | E5: =LEFT(B5,1)&LEFT(C5,1) -> PS | F5: =UPPER(TRIM('Raw Data'!D5)) -> IT | G5: =VLOOKUP(F5,Departments!$A$2:$C$6,2,FALSE) -> Information Technology | H5: =INDEX(Departments!$A$2:$C$6,MATCH(F5,Departments!$A$2:$A$6,0),MATCH("Manager",Departments!$A$1:$C$1,0)) -> Suresh Babu | I5: =DATEVALUE('Raw Data'!E5) -> 44320 | J5: =YEAR(I5) -> 2021 | K5: =TEXT(I5,"MMMM") -> May | L5: =DATEDIF(I5,TODAY(),"y")&"yrs"&DATEDIF(I5,TODAY(),"YM")&"Months" -> 5yrs2Months | N5: =NETWORKDAYS(I5,TODAY()) -> 1356 | O5: =_xlfn.TEXTJOIN(",",TRUE,'Raw Data'!F5,'Raw Data'!G5,'Raw Data'!H5,'Raw Data'!I5) -> 23 Cedar Lane,Hyderabad,TS,500001 | P5: =SUBSTITUTE(SUBSTITUTE(SUBSTITUTE(SUBSTITUTE('Raw Data'!J5,"(",""),")",""),"-",""), " ", "") -> 9876543213 | Q5: ="("&LEFT(P5,3)&") "&MID(P5,4,3)&"-"&RIGHT(P5,4) -> (987) 654-3213 | R5: =LOWER(B5&"."&C5&"@company.com") -> priya.sharma@company.com | S5: =VLOOKUP(DATEDIF('Clean Table'!I5,TODAY(),"y"),'Tenure Bands'!$A$2:$B$5,2,TRUE) -> Senior (5-10 yrs)
A6: =TEXT('Raw Data'!A6,"0000") -> 1005 | B6: =PROPER(TRIM(CLEAN('Raw Data'!B6))) -> Amit | C6: =PROPER(TRIM(CLEAN('Raw Data'!C6))) -> Patel | D6: =_xlfn.TEXTJOIN(" ",TRUE,B6,C6) -> Amit Patel | E6: =LEFT(B6,1)&LEFT(C6,1) -> AP | F6: =UPPER(TRIM('Raw Data'!D6)) -> FIN | G6: =VLOOKUP(F6,Departments!$A$2:$C$6,2,FALSE) -> Finance | H6: =INDEX(Departments!$A$2:$C$6,MATCH(F6,Departments!$A$2:$A$6,0),MATCH("Manager",Departments!$A$1:$C$1,0)) -> Lakshmi Narayanan | I6: =DATEVALUE('Raw Data'!E6) -> 43069 | J6: =YEAR(I6) -> 2017 | K6: =TEXT(I6,"MMMM") -> November | L6: =DATEDIF(I6,TODAY(),"y")&"yrs"&DATEDIF(I6,TODAY(),"YM")&"Months" -> 8yrs7Months | N6: =NETWORKDAYS(I6,TODAY()) -> 2249 | O6: =_xlfn.TEXTJOIN(",",TRUE,'Raw Data'!F6,'Raw Data'!G6,'Raw Data'!H6,'Raw Data'!I6) -> 56 Maple Drive,Chennai,TN,600003 | P6: =SUBSTITUTE(SUBSTITUTE(SUBSTITUTE(SUBSTITUTE('Raw Data'!J6,"(",""),")",""),"-",""), " ", "") -> 9876543214 | Q6: ="("&LEFT(P6,3)&") "&MID(P6,4,3)&"-"&RIGHT(P6,4) -> (987) 654-3214 | R6: =LOWER(B6&"."&C6&"@company.com") -> amit.patel@company.com | S6: =VLOOKUP(DATEDIF('Clean Table'!I6,TODAY(),"y"),'Tenure Bands'!$A$2:$B$5,2,TRUE) -> Senior (5-10 yrs)
A7: =TEXT('Raw Data'!A7,"0000") -> 1006 | B7: =PROPER(TRIM(CLEAN('Raw Data'!B7))) -> Sneha | C7: =PROPER(TRIM(CLEAN('Raw Data'!C7))) -> Reddy | D7: =_xlfn.TEXTJOIN(" ",TRUE,B7,C7) -> Sneha Reddy | E7: =LEFT(B7,1)&LEFT(C7,1) -> SR | F7: =UPPER(TRIM('Raw Data'!D7)) -> SAL | G7: =VLOOKUP(F7,Departments!$A$2:$C$6,2,FALSE) -> Sales | H7: =INDEX(Departments!$A$2:$C$6,MATCH(F7,Departments!$A$2:$A$6,0),MATCH("Manager",Departments!$A$1:$C$1,0)) -> Karthik Subramaniam | I7: =DATEVALUE('Raw Data'!E7) -> 44571 | J7: =YEAR(I7) -> 2022 | K7: =TEXT(I7,"MMMM") -> January | L7: =DATEDIF(I7,TODAY(),"y")&"yrs"&DATEDIF(I7,TODAY(),"YM")&"Months" -> 4yrs6Months | N7: =NETWORKDAYS(I7,TODAY()) -> 1177 | O7: =_xlfn.TEXTJOIN(",",TRUE,'Raw Data'!F7,'Raw Data'!G7,'Raw Data'!H7,'Raw Data'!I7) -> 89 Birch Blvd,Bengaluru,KA,560002 | P7: =SUBSTITUTE(SUBSTITUTE(SUBSTITUTE(SUBSTITUTE('Raw Data'!J7,"(",""),")",""),"-",""), " ", "") -> 9876543215 | Q7: ="("&LEFT(P7,3)&") "&MID(P7,4,3)&"-"&RIGHT(P7,4) -> (987) 654-3215 | R7: =LOWER(B7&"."&C7&"@company.com") -> sneha.reddy@company.com | S7: =VLOOKUP(DATEDIF('Clean Table'!I7,TODAY(),"y"),'Tenure Bands'!$A$2:$B$5,2,TRUE) -> Mid-Level (2-5 yrs)
A8: =TEXT('Raw Data'!A8,"0000") -> 1007 | B8: =PROPER(TRIM(CLEAN('Raw Data'!B8))) -> Vikram | C8: =PROPER(TRIM(CLEAN('Raw Data'!C8))) -> Singh | D8: =_xlfn.TEXTJOIN(" ",TRUE,B8,C8) -> Vikram Singh | E8: =LEFT(B8,1)&LEFT(C8,1) -> VS | F8: =UPPER(TRIM('Raw Data'!D8)) -> MKT | G8: =VLOOKUP(F8,Departments!$A$2:$C$6,2,FALSE) -> Marketing | H8: =INDEX(Departments!$A$2:$C$6,MATCH(F8,Departments!$A$2:$A$6,0),MATCH("Manager",Departments!$A$1:$C$1,0)) -> Neha Kapoor | I8: =DATEVALUE('Raw Data'!E8) -> 42539 | J8: =YEAR(I8) -> 2016 | K8: =TEXT(I8,"MMMM") -> June | L8: =DATEDIF(I8,TODAY(),"y")&"yrs"&DATEDIF(I8,TODAY(),"YM")&"Months" -> 10yrs0Months | N8: =NETWORKDAYS(I8,TODAY()) -> 2627 | O8: =_xlfn.TEXTJOIN(",",TRUE,'Raw Data'!F8,'Raw Data'!G8,'Raw Data'!H8,'Raw Data'!I8) -> 34 Spruce Ct,Chennai,TN,600004 | P8: =SUBSTITUTE(SUBSTITUTE(SUBSTITUTE(SUBSTITUTE('Raw Data'!J8,"(",""),")",""),"-",""), " ", "") -> 9876543216 | Q8: ="("&LEFT(P8,3)&") "&MID(P8,4,3)&"-"&RIGHT(P8,4) -> (987) 654-3216 | R8: =LOWER(B8&"."&C8&"@company.com") -> vikram.singh@company.com | S8: =VLOOKUP(DATEDIF('Clean Table'!I8,TODAY(),"y"),'Tenure Bands'!$A$2:$B$5,2,TRUE) -> Lead (10+ yrs)
A9: =TEXT('Raw Data'!A9,"0000") -> 1008 | B9: =PROPER(TRIM(CLEAN('Raw Data'!B9))) -> Anita | C9: =PROPER(TRIM(CLEAN('Raw Data'!C9))) -> Rao | D9: =_xlfn.TEXTJOIN(" ",TRUE,B9,C9) -> Anita Rao | E9: =LEFT(B9,1)&LEFT(C9,1) -> AR | F9: =UPPER(TRIM('Raw Data'!D9)) -> HR | G9: =VLOOKUP(F9,Departments!$A$2:$C$6,2,FALSE) -> Human Resources | H9: =INDEX(Departments!$A$2:$C$6,MATCH(F9,Departments!$A$2:$A$6,0),MATCH("Manager",Departments!$A$1:$C$1,0)) -> Ramesh Iyer | I9: =DATEVALUE('Raw Data'!E9) -> 44099 | J9: =YEAR(I9) -> 2020 | K9: =TEXT(I9,"MMMM") -> September | L9: =DATEDIF(I9,TODAY(),"y")&"yrs"&DATEDIF(I9,TODAY(),"YM")&"Months" -> 5yrs9Months | N9: =NETWORKDAYS(I9,TODAY()) -> 1513 | O9: =_xlfn.TEXTJOIN(",",TRUE,'Raw Data'!F9,'Raw Data'!G9,'Raw Data'!H9,'Raw Data'!I9) -> 67 Willow Way,Hyderabad,TS,500002 | P9: =SUBSTITUTE(SUBSTITUTE(SUBSTITUTE(SUBSTITUTE('Raw Data'!J9,"(",""),")",""),"-",""), " ", "") -> 9876543217 | Q9: ="("&LEFT(P9,3)&") "&MID(P9,4,3)&"-"&RIGHT(P9,4) -> (987) 654-3217 | R9: =LOWER(B9&"."&C9&"@company.com") -> anita.rao@company.com | S9: =VLOOKUP(DATEDIF('Clean Table'!I9,TODAY(),"y"),'Tenure Bands'!$A$2:$B$5,2,TRUE) -> Senior (5-10 yrs)
A10: =TEXT('Raw Data'!A10,"0000") -> 1009 | B10: =PROPER(TRIM(CLEAN('Raw Data'!B10))) -> Kiran | C10: =PROPER(TRIM(CLEAN('Raw Data'!C10))) -> Nair | D10: =_xlfn.TEXTJOIN(" ",TRUE,B10,C10) -> Kiran Nair | E10: =LEFT(B10,1)&LEFT(C10,1) -> KN | F10: =UPPER(TRIM('Raw Data'!D10)) -> IT | G10: =VLOOKUP(F10,Departments!$A$2:$C$6,2,FALSE) -> Information Technology | H10: =INDEX(Departments!$A$2:$C$6,MATCH(F10,Departments!$A$2:$A$6,0),MATCH("Manager",Departments!$A$1:$C$1,0)) -> Suresh Babu | I10: =DATEVALUE('Raw Data'!E10) -> 43804 | J10: =YEAR(I10) -> 2019 | K10: =TEXT(I10,"MMMM") -> December | L10: =DATEDIF(I10,TODAY(),"y")&"yrs"&DATEDIF(I10,TODAY(),"YM")&"Months" -> 6yrs7Months | N10: =NETWORKDAYS(I10,TODAY()) -> 1724 | O10: =_xlfn.TEXTJOIN(",",TRUE,'Raw Data'!F10,'Raw Data'!G10,'Raw Data'!H10,'Raw Data'!I10) -> 90 Aspen St,Chennai,TN,600005 | P10: =SUBSTITUTE(SUBSTITUTE(SUBSTITUTE(SUBSTITUTE('Raw Data'!J10,"(",""),")",""),"-",""), " ", "") -> 9876543218 | Q10: ="("&LEFT(P10,3)&") "&MID(P10,4,3)&"-"&RIGHT(P10,4) -> (987) 654-3218 | R10: =LOWER(B10&"."&C10&"@company.com") -> kiran.nair@company.com | S10: =VLOOKUP(DATEDIF('Clean Table'!I10,TODAY(),"y"),'Tenure Bands'!$A$2:$B$5,2,TRUE) -> Senior (5-10 yrs)
A11: =TEXT('Raw Data'!A11,"0000") -> 1010 | B11: =PROPER(TRIM(CLEAN('Raw Data'!B11))) -> Deepa | C11: =PROPER(TRIM(CLEAN('Raw Data'!C11))) -> Iyer | D11: =_xlfn.TEXTJOIN(" ",TRUE,B11,C11) -> Deepa Iyer | E11: =LEFT(B11,1)&LEFT(C11,1) -> DI | F11: =UPPER(TRIM('Raw Data'!D11)) -> FIN | G11: =VLOOKUP(F11,Departments!$A$2:$C$6,2,FALSE) -> Finance | H11: =INDEX(Departments!$A$2:$C$6,MATCH(F11,Departments!$A$2:$A$6,0),MATCH("Manager",Departments!$A$1:$C$1,0)) -> Lakshmi Narayanan | I11: =DATEVALUE('Raw Data'!E11) -> 44422 | J11: =YEAR(I11) -> 2021 | K11: =TEXT(I11,"MMMM") -> August | L11: =DATEDIF(I11,TODAY(),"y")&"yrs"&DATEDIF(I11,TODAY(),"YM")&"Months" -> 4yrs11Months | N11: =NETWORKDAYS(I11,TODAY()) -> 1282 | O11: =_xlfn.TEXTJOIN(",",TRUE,'Raw Data'!F11,'Raw Data'!G11,'Raw Data'!H11,'Raw Data'!I11) -> 12 Poplar Ave,Bengaluru,KA,560003 | P11: =SUBSTITUTE(SUBSTITUTE(SUBSTITUTE(SUBSTITUTE('Raw Data'!J11,"(",""),")",""),"-",""), " ", "") -> 9876543219 | Q11: ="("&LEFT(P11,3)&") "&MID(P11,4,3)&"-"&RIGHT(P11,4) -> (987) 654-3219 | R11: =LOWER(B11&"."&C11&"@company.com") -> deepa.iyer@company.com | S11: =VLOOKUP(DATEDIF('Clean Table'!I11,TODAY(),"y"),'Tenure Bands'!$A$2:$B$5,2,TRUE) -> Mid-Level (2-5 yrs)
A12: =TEXT('Raw Data'!A12,"0000") -> 1011 | B12: =PROPER(TRIM(CLEAN('Raw Data'!B12))) -> Rahul | C12: =PROPER(TRIM(CLEAN('Raw Data'!C12))) -> Mehta | D12: =_xlfn.TEXTJOIN(" ",TRUE,B12,C12) -> Rahul Mehta | E12: =LEFT(B12,1)&LEFT(C12,1) -> RM | F12: =UPPER(TRIM('Raw Data'!D12)) -> SAL | G12: =VLOOKUP(F12,Departments!$A$2:$C$6,2,FALSE) -> Sales | H12: =INDEX(Departments!$A$2:$C$6,MATCH(F12,Departments!$A$2:$A$6,0),MATCH("Manager",Departments!$A$1:$C$1,0)) -> Karthik Subramaniam | I12: =DATEVALUE('Raw Data'!E12) -> 42096 | J12: =YEAR(I12) -> 2015 | K12: =TEXT(I12,"MMMM") -> April | L12: =DATEDIF(I12,TODAY(),"y")&"yrs"&DATEDIF(I12,TODAY(),"YM")&"Months" -> 11yrs3Months | N12: =NETWORKDAYS(I12,TODAY()) -> 2944 | O12: =_xlfn.TEXTJOIN(",",TRUE,'Raw Data'!F12,'Raw Data'!G12,'Raw Data'!H12,'Raw Data'!I12) -> 45 Fir Road,Chennai,TN,600006 | P12: =SUBSTITUTE(SUBSTITUTE(SUBSTITUTE(SUBSTITUTE('Raw Data'!J12,"(",""),")",""),"-",""), " ", "") -> 9876543220 | Q12: ="("&LEFT(P12,3)&") "&MID(P12,4,3)&"-"&RIGHT(P12,4) -> (987) 654-3220 | R12: =LOWER(B12&"."&C12&"@company.com") -> rahul.mehta@company.com | S12: =VLOOKUP(DATEDIF('Clean Table'!I12,TODAY(),"y"),'Tenure Bands'!$A$2:$B$5,2,TRUE) -> Lead (10+ yrs)
A13: =TEXT('Raw Data'!A13,"0000") -> 1012 | B13: =PROPER(TRIM(CLEAN('Raw Data'!B13))) -> Pooja | C13: =PROPER(TRIM(CLEAN('Raw Data'!C13))) -> Verma | D13: =_xlfn.TEXTJOIN(" ",TRUE,B13,C13) -> Pooja Verma | E13: =LEFT(B13,1)&LEFT(C13,1) -> PV | F13: =UPPER(TRIM('Raw Data'!D13)) -> MKT | G13: =VLOOKUP(F13,Departments!$A$2:$C$6,2,FALSE) -> Marketing | H13: =INDEX(Departments!$A$2:$C$6,MATCH(F13,Departments!$A$2:$A$6,0),MATCH("Manager",Departments!$A$1:$C$1,0)) -> Neha Kapoor | I13: =DATEVALUE('Raw Data'!E13) -> 44977 | J13: =YEAR(I13) -> 2023 | K13: =TEXT(I13,"MMMM") -> February | L13: =DATEDIF(I13,TODAY(),"y")&"yrs"&DATEDIF(I13,TODAY(),"YM")&"Months" -> 3yrs4Months | N13: =NETWORKDAYS(I13,TODAY()) -> 887 | O13: =_xlfn.TEXTJOIN(",",TRUE,'Raw Data'!F13,'Raw Data'!G13,'Raw Data'!H13,'Raw Data'!I13) -> 78 Cypress Ln,Hyderabad,TS,500003 | P13: =SUBSTITUTE(SUBSTITUTE(SUBSTITUTE(SUBSTITUTE('Raw Data'!J13,"(",""),")",""),"-",""), " ", "") -> 9876543221 | Q13: ="("&LEFT(P13,3)&") "&MID(P13,4,3)&"-"&RIGHT(P13,4) -> (987) 654-3221 | R13: =LOWER(B13&"."&C13&"@company.com") -> pooja.verma@company.com | S13: =VLOOKUP(DATEDIF('Clean Table'!I13,TODAY(),"y"),'Tenure Bands'!$A$2:$B$5,2,TRUE) -> Mid-Level (2-5 yrs)
... A16: =TEXT('Raw Data'!A16,"0000") -> 1015 | B16: =PROPER(TRIM(CLEAN('Raw Data'!B16))) -> Sanjay | C16: =PROPER(TRIM(CLEAN('Raw Data'!C16))) -> Yadav | D16: =_xlfn.TEXTJOIN(" ",TRUE,B16,C16) -> Sanjay Yadav | E16: =LEFT(B16,1)&LEFT(C16,1) -> SY | F16: =UPPER(TRIM('Raw Data'!D16)) -> FIN | G16: =VLOOKUP(F16,Departments!$A$2:$C$6,2,FALSE) -> Finance | H16: =INDEX(Departments!$A$2:$C$6,MATCH(F16,Departments!$A$2:$A$6,0),MATCH("Manager",Departments!$A$1:$C$1,0)) -> Lakshmi Narayanan | I16: =DATEVALUE('Raw Data'!E16) -> 43654 | J16: =YEAR(I16) -> 2019 | K16: =TEXT(I16,"MMMM") -> July | L16: =DATEDIF(I16,TODAY(),"y")&"yrs"&DATEDIF(I16,TODAY(),"YM")&"Months" -> 7yrs0Months | N16: =NETWORKDAYS(I16,TODAY()) -> 1832 | O16: =_xlfn.TEXTJOIN(",",TRUE,'Raw Data'!F16,'Raw Data'!G16,'Raw Data'!H16,'Raw Data'!I16) -> 89 Magnolia Ave,Chennai,TN,600008 | P16: =SUBSTITUTE(SUBSTITUTE(SUBSTITUTE(SUBSTITUTE('Raw Data'!J16,"(",""),")",""),"-",""), " ", "") -> 9876543224 | Q16: ="("&LEFT(P16,3)&") "&MID(P16,4,3)&"-"&RIGHT(P16,4) -> (987) 654-3224 | R16: =LOWER(B16&"."&C16&"@company.com") -> sanjay.yadav@company.com | S16: =VLOOKUP(DATEDIF('Clean Table'!I16,TODAY(),"y"),'Tenure Bands'!$A$2:$B$5,2,TRUE) -> Senior (5-10 yrs)
